140.0071426749364,4
139.30183056945089,16
138.6001443000692,24
137.90213921473443,32
137.20787149431334,40
136.517398158623,48
135.83077707206124,56
135.14806694880988,64
134.46932735757994,72
133.79461872586654,80
133.12400234367956,88
132.45754036671525,96
131.79529581893277,104
131.13733259449805,112
130.4837154590564,120
129.8345100502944,128
129.18978287774928,136
128.5496013218244,144
127.91403363196706,152
127.283148923964,160
126.65701717630967,168
126.03570922560003,176
125.41929676090518,184
124.80785231707178,192
124.2014492669067,200
123.60016181219181,208
123.00406497347964,216
122.41323457861898,224
121.82774724995944,1600
121.24768039018313,240
120.6731121667126,248
120.10412149464314,1600
119.54078801814885,264
118.98319209031165,272
118.43141475132347,280
117.88553770501282,288
117.34564329364768,296
116.81181447096864,304
116.2841347734075,312
115.76268828944843,320
115.24755962709145,328
114.73883387938018,336
114.23659658795863,344
113.74093370462545,1600
113.25193155085701,360
112.76967677527502,368
112.29425630903836,3392
111.8257573191436,3360
111.36426715962351,392
110.90987332063814,400
110.46266337545913,408
110.02272492535349,416
109.59014554237986,1600
109.16501271011697,432
108.74741376235114,440
108.33743581975715,448
107.93516572461452,4672
107.54068997360952,3040
107.15409464878138,472
106.77546534667971,5280
106.4048871058092,5200
106.04244433244644,5120
105.6882207249228,4288
105.34229919647663,512
105.00476179678711,520
104.67568963231147,528
104.35516278555652,536
104.04326023342406,5344
103.74005976477939,552
103.4456378974,4480
103.16006979447037,568
102.88342918079665,9472
102.61578825892242,6208
102.35721762533407,592
102.1077861869505,600
101.86756107809786,608
101.6366075781753,3920
101.41498903022176,6880
101.20276676059801,632
101,640
100.80674580602232,648
100.62305898749054,5056
100.44899203078147,7360
100.2845950283492,2944
100.12991560967181,680
99.98499887483122,6176
99.84988733093293,6000
99.72462083156798,13568
99.60923651951158,712
99.50376877284599,720
99.40824915468535,728
99.32270636667126,6752
99.24716620639605,9640
99.18165152889924,752
99.12618221237011,6640
99.08077512817509,768
99.04544411531506,7312
99.02019995940222,17600
99.00505037623081,12376
99,400
138.59292911256333,16
137.88763541376724,48
137.18600511714013,64
136.48809471891678,80
135.79396157414365,96
135.10366390294527,112
134.41726079637243,128
133.73481222179961,144
133.05637902783917,160
132.38202294873727,176
131.71180660821565,192
131.04579352272242,208
130.38404810405297,224
129.72663566130126,240
129.07362240210043,256
128.42507543311004,272
127.7810627597063,288
127.1416532848303,304
126.50691680694776,320
125.87692401707312,336
125.25174649480941,352
124.63145670335399,368
124.01612798341996,384
123.40583454602137,400
122.80065146407001,416
122.20065466273084,432
121.60592090848209,448
121.01652779682617,2048
120.43255373859678,480
119.85407794480753,2080
119.28118040998756,512
118.71394189394942,528
118.15244390193544,544
117.5967686630887,560
117.04699910719626,576
116.50321883965266,592
115.96551211459379,1904
115.43396380615195,4784
114.9086593777858,640
114.38968484964018,656
113.87712676389407,672
113.37107214805724,688
112.8716084761797,704
112.37882362794157,720
111.89280584559492,736
111.4136436887332,752
110.9414259868693,3200
110.47624178980746,784
110.01818031580054,800
109.5673308974897,816
109.12378292562992,4864
108.6876257906115,848
108.25894882179486,864
107.83784122468327,880
107.42439201596628,3200
107.01868995647442,912
106.62082348209472,928
106.23088063270491,4640
105.84894897919393,960
105.47511554864494,9680
105.1094667477673,992
104.75208828467335,1008
104.4030650891055,5888
104.06248123122954,6560
103.73041983911952,5760
103.40696301506973,6400
103.09219175087898,1088
102.7861858422619,2688
102.48902380255166,1120
102.20078277586722,6752
101.92153844992725,1152
101.65136496870073,1168
101.39033484509261,4160
101.13851887386922,7680
100.89598604503551,7552
100.66280345788111,1232
100.43903623591775,7296
100.22474744293447,5440
100.0199980003999,1280
99.82484660644363,8160
99.6393496566492,8000
99.46356116689167,3200
99.29753269845128,16128
99.14131328563285,1360
98.99494936611666,4976
98.85848471426213,8384
98.73196037757987,1408
98.6154146165801,11888
98.50888284819801,1440
98.41239759298622,19520
98.32598842625484,1472
98.2496819333274,1488
98.18350166906862,8128
98.12746812182611,1520
98.08159868191383,16512
98.04590761474952,1552
98.02040603874276,1568
98.00510190801293,16640
98,800
137.17871555019022,36
136.4734406395618,96
135.77186748365804,120
135.07405376311175,144
134.3800580443393,168
133.6899397860587,192
133.00375934536586,216
132.32157798333574,240
131.64345787011217,264
130.96946208945045,288
130.29965464267354,312
129.634100452003,336
128.9728653632228,360
128.3160161476345,384
127.66362050325849,408
127.01574705523721,432
126.37246535539299,456
125.73384588089239,480
125.09996003196804,504
124.47088012864695,528
123.84667940643382,552
123.22743201089601,576
122.61321299109652,600
122.00409829181969,624
121.40016474453401,648
120.80149005703531,672
120.20815280171308,1596
119.6202324023825,720
119.03780911962384,744
118.46096403457132,768
117.88977903109328,792
117.32433677630571,816
116.76472069936193,840
116.21101496846157,2720
115.66330446602328,888
115.12167476196652,912
114.58621208504974,3792
114.0570032922135,960
113.53413583587978,984
113.01769772916099,1008
112.50777750893491,1032
112.0044641967453,3872
111.50784725749125,1080
111.01801655587259,7600
110.5350623105628,4800
110.05907504608605,1152
109.12836478203089,1200
108.67382389517726,1224
108.2266141020775,7552
107.78682665335315,1272
107.35455276791944,3296
106.92988356862641,1320
106.51291001564083,1344
106.10372283760829,6336
105.70241246064349,1392
105.30906893520614,4800
104.92378186092989,1440
104.546640309481,1464
104.17773274553444,1488
103.81714694596457,1512
103.46496991735899,6112
103.12128781197411,1560
102.45974819410792,4800
102.1420579389313,1632
101.83319694480774,13496
101.53324578678651,12080
101.24228365658294,9704
100.96038827183659,1728
100.68763578513501,7600
100.42410069301094,8160
100.16985574512923,7440
99.92497185388645,5728
99.68951800465283,1848
99.04039579888602,4800
98.84331034521254,6960
98.65596788841515,1968
98.47842403288143,8384
98.3107318658548,9440
98.15294188153507,2040
97.86725703727473,2088
97.73944955850733,6400
97.62171889492625,9792
97.51410154434076,5280
97.41663102366043,20048
97.32933781753577,2208
97.25224933131366,2232
97.18538984847466,9952
97.12878049270464,8640
97.082439194738,30560
97.04638066409278,8256
97.02061636580135,2352
97.0051545022222,9920
97,9040
135.7645019878171,64
135.05924625881784,160
134.35773144854747,192
133.6600164596728,224
132.9661611087573,256
132.27622613304328,288
131.59027319676784,320
130.9083648969767,352
130.23056476879765,384
129.5569372901351,416
128.8875478857442,448
128.22246293064254,480
127.5617497528158,512
126.90547663517127,544
126.25371281669304,576
125.60652849274993,608
124.96399481450646,640
124.32618388738553,672
123.69316876852982,704
123.06502346320826,736
122.44182292011173,768
121.82364302548172,800
121.21056059601408,832
120.60265337047937,864
120,896
119.4026800369238,928
118.81077392223317,960
118.22436297142819,992
117.64352935882194,1024
117.06835610018618,1056
116.49892703368559,1088
115.93532679903913,1120
115.37764081484765,1152
114.82595525402782,1184
114.28035701729323,1216
113.20777358467925,1280
112.6809655620682,1312
112.16059914247963,4480
111.64676439557037,1376
111.13955191559843,1408
110.63905277974861,1440
110.14535850411491,1472
109.65856099730654,5504
109.17875251164945,1536
108.70602559196064,5536
108.24047302187847,1600
107.78218776773832,1632
107.33126291998991,1664
106.88779163215975,6400
106.45186705737011,1728
106.02358228243375,1760
105.60303025955268,6400
105.19030373565806,4960
104.78549517943789,1856
104.38869670610895,1888
104,1920
103.61949623502326,1952
103.24727599312246,12224
102.52804494381037,2048
102.18121158021175,2080
101.84301645179212,2112
101.51354589413178,7648
101.19288512538814,2176
100.88111815399351,2208
100.57832768544127,2240
100,8704
99.45853407325085,2368
99.20181449953424,9120
98.95453501482385,2432
98.71676655968832,9568
98.48857801796105,13120
98.2700361249552,8800
98.0612053770501,2560
97.86214794290998,7200
97.67292357659824,10240
97.49358953285082,8480
97.32420048477151,2688
97.16480844420988,2720
97.01546268507923,6400
96.87620966986684,10720
96.74709297958259,9472
96.62815324738438,2848
96.51942809610924,10240
96.42095207992918,2912
96.33275663033837,11008
96.25487000666512,22912
96.18731725128839,3008
96.13012014972206,3040
96.08329719571451,3072
96.04686356149273,15360
96.02083107326243,10880
96.00520819205592,8800
96,1600
134.35028842544403,100
133.64505228402584,240
132.94359706281458,280
132.24598292575845,320
131.55227098001768,360
130.86252328302402,400
130.17680284904833,440
129.49517365523704,480
128.81770064707723,520
128.14444974324874,560
127.47548783981962,600
126.81088281373961,640
126.15070352558483,680
125.49501982150527,720
124.84390253432484,760
124.19742348374221,800
123.5556554755791,840
122.9186723000212,880
122.28654872879518,920
121.65936051122412,960
121.03718436910205,1000
120.42009799032718,1040
119.80818002123227,1080
119.20151005754919,1120
118.6001686339442,1160
118.00423721205946,1200
117.41379816699569,3520
116.8289347721702,1280
116.2497311824849,1320
115.67627241573788,1360
115.10864433221339,3776
114.54693361238441,1440
113.99122773266372,1480
113.44161493913951,1520
112.89818421923357,1560
112.36102527122117,1600
111.83022847155415,4160
111.30588483993108,1680
110.78808600206071,1720
110.27692415006868,1760
109.77249200050075,1800
109.27488274987991,1840
108.78419002777932,1880
108.30050784737807,6240
107.82393055347222,1960
106.89246933250256,2040
106.4377752492037,2080
105.99056561788883,2120
105.55093557141026,7200
105.11898020814318,14336
104.69479452198185,2240
104.27847332982968,2280
103.87011119662864,2320
103.46980235798269,7280
103.07764064044152,12224
102.69371937952194,2440
102.31813133555558,2480
101.95096860746347,2520
101.59232254457027,2560
100.90094152187085,2640
100.56838469419701,9280
100.24470060806208,2720
99.92997548283498,2760
99.62429422585637,12400
99.32774033471213,2840
98.76234100101111,2920
98.49365461794989,10240
98.2344135219425,14712
97.98469268207153,3040
97.74456506629922,10640
97.29337079164233,3160
96.88137075826292,3240
96.6902270139025,3280
96.5090669315583,3320
96.33794683301072,3360
96.17692030835673,24320
96.0260381354974,3440
95.88534820294495,3480
95.75489543621255,9760
95.63472172804185,9280
95.524865872714,23328
95.42536350467836,11840
95.33624704172071,8480
95.25754563287887,10560
95.1892851112981,20960
95.13148795220224,20120
95.08417323613851,3840
95.04735661763561,3880
95.02105029939419,3920
95.00526301210897,3960
95,10256
132.93607486307093,144
132.23085872821065,336
131.52946437965906,384
130.83195328359201,432
130.13838787997952,480
129.4488315899375,528
128.76334882255898,576
128.08200498118384,624
127.40486646906389,672
126.73200069437868,720
126.0634760745554,768
125.39936203984452,816
124.73972903610141,864
124.08464852672147,912
123.43419299367578,960
122.78843593759146,1008
122.14745187681976,1056
121.51131634543344,1104
120.88010589009261,1152
120.2538980657176,1200
119.63277142990545,1248
119.01680553602503,1296
118.40608092492548,1344
117.80067911519016,1392
117.2006825918689,1440
116.60617479361889,1488
116.01724009818541,1536
114.85643212288984,1632
114.28473213863697,1680
113.718951806636,1728
113.1591799192624,1776
112.60550608207397,1824
112.05802068571441,1872
111.51681487560519,1920
110.98198051936178,1968
110.45361017187261,5760
109.9317970379817,2064
109.41663493271945,2112
108.90821823902914,2160
108.40664186294121,6016
107.91200118615167,5280
106.94391053257777,2352
106.47065323364932,2400
106.00471687618433,2448
105.54619841567009,2496
105.09519494249011,2544
104.65180361560904,5296
104.21612159354233,2640
103.78824596263297,2688
103.36827366266692,2736
102.95630140987001,6784
102.55242561733974,8864
102.15674231297707,2880
101.76934705499491,2928
101.01980003939822,14192
100.65783625729296,9600
100.30453628824571,3120
99.9599919967984,3168
98.97979591815695,9024
98.67117106835208,3360
98.37174391053561,3408
97.8008179924892,10720
97.52948272189288,9600
97.26767191621273,3600
96.77293009927931,9152
96.54014708917737,11648
96.317184344228,3792
96.1041102138717,3840
95.90099061010788,12000
95.70788891204319,10432
95.35197952848173,4032
95.03683496413377,4128
94.89467845985885,11520
94.76286192385707,12928
94.64142856064674,18128
94.53041838477179,4320
94.42986815621421,11200
94.33981132056604,18752
94.26027795418386,13280
94.19129471453293,4512
94.13288479590966,4560
94.08506789071261,4608
94.04786015641186,26912
94.02127418834527,28160
94.00531899844816,4752
94,2400
131.52186130069785,196
130.8166656049603,448
130.11533345459327,504
129.41792766073794,560
128.7245120402482,616
128.03515142334936,672
127.34991166074674,728
126.66885963013956,784
125.99206324209474,840
125.31959144523253,896
124.65151423067431,952
123.98790263570072,1008
123.3288287465668,1064
122.67436570041843,1120
122.0245876862528,1176
121.37956994486346,1232
120.7393887677091,1288
119.47384651043926,1400
118.84864324004712,1456
118.2285921425101,1512
117.61377470347595,1568
117.00427342623003,1624
116.40017182117903,1680
115.80155439371269,1736
115.20850663036997,1792
114.62111498323509,1848
114.03946685248927,1904
113.46365056704283,1960
112.89375536317321,2016
112.32987136109433,2072
111.77208953938367,2128
111.22050170719426,2184
110.6752004741803,2240
110.13627921806692,2296
109.60383204979651,6400
109.07795377618706,2408
108.55873986004075,2464
108.04628637764465,2520
107.0420478129973,2632
106.55045753069294,2688
106.06601717798213,5244
105.58882516630251,2800
104.65658125507444,2912
104.20172743289815,8000
103.75451797391764,3024
103.31505214633539,3080
102.04410811016969,3248
101.23734488813898,9760
100.84641788382967,8512
100.46392387319938,3472
100.08995953640904,3528
99.36800289831733,3640
98.68130522039117,3752
98.35141076771599,11200
98.03060746521976,3864
97.71898484941399,3920
97.12363255150623,4032
96.84007434941384,4088
96.56603957913983,16400
96.30160954002794,4200
95.80187889597991,12224
95.56673061269805,4368
95.34149149242423,10768
95.12623192369179,4480
94.92101980067429,24272
94.72592042308166,4592
94.54099639838793,11200
94.36630754670864,25792
94.2019108086455,13360
93.90420650854784,4872
93.7709976485267,4928
93.64827814754524,13040
93.53608929178085,12960
93.43446901438462,14272
93.34345183246653,5152
93.26306878931231,5208
93.1933474020544,13888
93.13431161500041,5320
93.08598175880189,14560
93.04837451562494,12400
93.02150289046077,13376
93.00537618869137,20968
93,2800
130.10764773832474,256
129.40247292845683,576
128.70120434556935,640
128.00390619039717,704
127.31064370271639,768
126.62148316932637,832
125.93649193144932,896
125.25573839150046,960
124.57929201917949,1024
123.90722335683259,1088
123.23960402403117,1152
122.57650672131263,1216
121.91800523302537,1280
121.26417442921878,1344
120.61509026651682,1408
119.97082978791136,1472
119.33147112141039,1536
118.69709347747316,1600
118.06777714516353,1664
117.44360348695028,1728
116.82465493208187,1792
115.6027681329474,1920
115,1984
114.40279716860073,2048
113.81124724736128,2112
113.22543883774529,2176
112.6454615153225,2240
112.0714058089752,2304
111.50336317797773,2368
110.38568747804219,2496
109.83624174196785,2560
109.29318368498559,2624
108.75660899458019,2688
107.70329614269008,2816
107.18675291284833,2880
106.6770828247567,2944
106.17438485811914,3008
105.67875850898325,3072
104.70912090166739,3200
104.23531071570709,8640
103.76897416858277,3328
103.31021246711285,3392
102.85912696499032,3456
102.41581909060729,8960
101.9803902718557,9728
101.55294185792945,3648
101.13357503816425,3712
100.72239075796404,8672
100.31948963187563,3840
99.53893710503444,3968
99.16148445843275,4032
98.79271228182775,10240
98.43271813782245,4160
97.40636529508737,4352
96.76776322722355,4480
96.46242791885346,9440
96.16652224137046,8704
95.88013350011565,11744
95.60334722173695,12800
95.0789145920377,11008
94.83142938920619,4928
94.59386872308374,4992
94.14881836751856,5120
93.94147114027967,20000
93.74433316206373,13696
93.55746896961247,5312
93.38094023943002,14592
93.2148056909416,5440
93.05912099305473,13568
92.91393867445294,14400
92.77930803794561,5632
92.65527507918802,31040
92.5418824100742,5760
92.43916918709297,14560
92.34717104492157,12800
92.26592003551474,5952
92.19544457292888,29952
92.13576938409967,14240
92.0869154657707,15360
92.04890004774636,13216
92.02173656261873,16000
92.00543462209176,15840
92,3200
128.69343417595164,324
127.98828071350908,720
127.28707711311466,792
126.58988901172162,864
125.89678312014172,936
125.2078272313676,1008
124.52309022827855,1080
123.84264209067892,1152
123.1665539016173,1224
122.494897852931,1296
121.16517651536682,1440
120.50726119201282,1512
119.20570456148481,1656
118.56221995222593,1728
117.92370414806346,1800
117.29023829799307,1872
116.66190466471906,1944
116.03878661895772,2016
115.42096863222038,2088
114.80853626799707,2160
114.20157617125956,2232
113.6001760562016,2304
113.00442469213318,2376
112.4144118874444,2448
111.25196627475849,2592
110.67971810589327,2664
110.11357772772621,6336
109.55363982999378,2808
109,2880
108.45275469069469,2952
107.37783756436893,3096
106.85036265731624,3168
106.3296760081587,3240
105.8158778255891,3312
104.80935072788114,8352
104.31682510506155,3528
103.83159442096611,3600
103.3537614216338,3672
102.42070103255493,3816
101.96568050084302,3888
101.51847122568385,3960
101.07917688624102,4032
100.64790112068906,8768
99.80981915623332,10800
99.40321926376429,10880
97.49871794028884,4680
97.14422267947796,4752
96.79876032264049,11968
96.13532129243653,4968
95.81753492967766,5040
95.50916186418976,5112
95.2102935611481,13280
94.37160589923221,12480
94.11163583744573,14400
93.86160024205851,14400
93.62157870918435,12672
93.39164844888434,5688
93.17188417113823,5760
92.9623579735368,14400
92.76313923105448,15328
92.57429448826494,14000
92.39588735436226,6048
92.22797840135064,6120
92.07062506576133,6192
91.92388155425118,34644
91.7877987534291,23200
91.6624241442479,6408
91.54780172128658,24240
91.44397191723465,13504
91.35097153287424,16608
91.26883367283708,16080
91.19758768739445,6768
91.13725912051558,6840
91.08786966440702,6912
91.0494371207203,16960
91.02197536858887,16832
91.00549433962765,14256
91,11920
127.27922061357856,400
126.57408897558773,880
125.8729518204765,960
125.1758762701504,1040
124.48293055676348,1120
123.79418403139947,1200
123.10970717209915,1280
122.42957159118053,1360
121.75385004179539,1440
121.0826164236634,1520
120.41594578792295,1600
119.75391434103521,1680
119.09659944767525,1760
118.44407963254221,1840
117.79643458101778,1920
117.15374513859982,2000
116.51609330903607,2080
115.88356225108029,2160
115.25623627379127,2240
114.63420083029322,2320
114.0175425099138,2400
113.4063490286148,2480
112.8007092176286,2560
112.2007130102122,2640
111.60645142642964,2720
110.43550153822818,2880
109.85900054160332,2960
109.288608738514,3040
108.72442227944924,3120
108.16653826391968,3200
107.61505470890214,7360
107.07007051459338,3360
106.53168542738823,3440
106,3520
104.95713410721541,3680
104.44615837837216,3760
103.94229168149026,3840
102.47438704378767,4080
102,4160
101.07423014794622,4320
100.17983829094555,4480
99.74467404327912,4560
99.31767214348109,4640
98.89893831583835,4720
98.08669634563088,4880
97.6933979345585,4960
97.30878685915265,12640
96.93296652842108,5120
96.20810776644555,13440
95.85927185202274,5360
95.51963149007642,5440
94.86832980505137,13696
94.5568612000208,5680
94.25497334358543,5760
93.96275858019496,5840
93.68030742904295,5920
93.40770846134703,21808
93.14504817756014,6080
92.89241088485109,6160
92.64987857520376,15040
92.41753080449618,15520
91.98369420718001,6480
91.78235124467012,6560
91.59148432032315,6640
91.41115905621152,6720
91.2414379544733,25680
91.0823802938856,14720
90.93404203047393,6960
90.79647570252934,7040
90.6697303403953,7120
90.55385138137417,27040
90.44888059008801,7280
90.35485598461214,16640
90.27181176868004,17760
90.19977827023745,7520
90.13878188659973,44592
90.08884503644167,7680
90.0499861188218,17440
90.0222194794152,7840
90.00555538409837,7920
90,14304
125.86500705120545,484
125.15989773086265,1056
124.45882853377658,1144
123.76186811776881,1232
123.0690862889621,1320
122.38055401083949,1408
121.69634341261039,1496
120.34118164618461,1672
119.6703806294607,1760
119.00420160649792,1848
118.3427226321923,1936
117.6860229593982,2024
117.0341830406826,2112
116.3872845288522,2200
115.74541027617467,2288
114.47707194019246,2464
113.85077953180645,2552
113.22985472038724,2640
112.61438629233834,2728
111.40017953306898,2904
110.80162453682708,2992
110.20889256316842,3080
109.62207806824317,7200
109.04127658827184,7360
108.4665847162157,7520
107.89810007595129,3432
107.33592129385204,3520
106.78014796768171,3608
105.152270541344,3872
104.62313319720452,8640
104.10091258005379,4048
103.58571330062848,9680
102.57680049601859,4312
102.08329931972223,9440
101.59724405711013,4488
101.11874208078342,11072
100.18482919085105,4752
99.72963451251589,4840
99.28242543370907,4928
97.98979538707079,5192
97.57561170702442,5280
97.16995420396162,5368
96.38464608017192,12480
95.2732911156112,12416
94.57801012920498,14048
94.2443632266673,6072
93.92017887546851,6160
93.60555539069249,15296
93.30058949438637,12960
92.72000862812729,6512
92.44457799135652,6600
92.17917335276988,15200
91.67878707749138,25104
91.21951545584969,17120
90.80198235721508,33632
90.60905032059435,17600
90.4267659490264,36800
90.2551937563706,7480
90.09439494219383,7568
89.94442728707543,17232
89.80534505250787,18400
89.67719888578144,7832
89.56003573022959,16320
89.45389874119518,8008
89.35882720806042,18272
89.27485648266257,19008
89.20201791439474,18944
89.1403387922662,19280
89.08984229416954,8448
89.05054744357274,37120
89.02246907382428,28048
89.00561780022652,18624
89,14160
124.45079348883236,576
123.7457069962429,1248
123.0447073221762,1344
122.34786471369249,1440
121.6552506059644,1536
120.96693763173474,1632
120.28299963003916,1728
119.60351165413162,1824
118.92854997854805,1920
118.25819210524064,2016
117.5925167687128,2112
116.93160394008115,2208
116.27553482998907,2304
115.62439189029277,2400
114.97825881443848,2496
114.33722053644648,2592
113.70136322841516,2688
113.07077429645558,2784
112.44554237496477,2880
111.21151019566275,3072
110.60289327137876,3168
110,3264
109.40292500660117,3360
108.81176406988355,3456
107.64757312638311,3648
107.07474025184464,3744
106.50821564555478,3840
105.94810050208545,3936
105.39449701004318,4032
104.84750831564858,4128
104.30723848324239,4224
103.77379245262264,4320
102.7277956543408,10400
102.2154587134451,4608
101.71037311896953,4704
101.21264743103995,10880
100.23971268913334,4992
99.76472322419383,12000
98.8382517044894,5280
98.38699100999075,5376
97.94386147176351,12000
97.50897394599124,5568
96.66436778875658,5760
95.85405573057407,5952
95.46203433826454,14496
94.70480452437458,6240
93.98404119849285,6432
93.637599285757,6528
92.97311439335567,6720
91.76055797563569,14720
91.48223871331527,7200
91.21403400793103,17152
90.95603333479313,7392
90.70832376358854,7488
90.47098982546837,16288
90.24411338142782,7680
90.02777349240623,18272
89.82204629154248,7872
89.62700485902673,18336
89.44271909999159,17664
89.26925562588724,16480
89.10667763978185,19200
88.95504482602435,17600
88.81441324469807,19200
88.68483523128404,18848
88.56635930193812,18560
88.45903006477066,28672
88.36288813749809,8832
88.2779700718135,8928
88.20430828479978,19840
88.14193099768123,19200
88.09086218218096,20480
88.05112151472007,9312
88.02272433866155,19200
88.0056816347672,20640
88,4800
123.03657992645927,676
122.3315167894194,1456
121.63058825805291,1560
120.93386622447825,1664
120.24142381059865,1768
119.55333537798099,1872
118.86967653695369,1976
118.1905241548577,2080
117.51595636338071,2184
116.84605256490268,2288
116.18089343777659,2392
115.52056094046635,2496
114.86513831445988,2600
114.21471008587291,2704
113.56936206565572,2808
112.92918134831227,2912
111.66467659918243,3120
111.04053313993049,3224
110.42191811411355,3328
109.80892495603443,3432
109.20164833920778,3536
108.60018416190647,3640
108.00462953040486,3744
107.41508273980894,3848
106.83164325236227,8704
106.25441167311595,4056
105.68348972285122,4160
104.5609869884557,4368
104.0096149401583,4472
102.9271587094485,4680
102.39628899525607,4784
101.87246929372037,4888
101.35580891098448,4992
100.34440691936945,5200
99.36297097007517,5408
98.88377015466189,5512
97.94896630388705,13120
96.60745312862771,13600
94.93682109698007,6448
94.15412895885129,14560
93.77632963600144,6760
92.69843580125827,16544
92.35799911215054,16192
92.02716990106781,7280
91.706052144883,24344
91.39474820797966,7488
91.09335870413386,7592
90.52071586106685,18160
90.24965373894794,16480
89.98888820293314,8008
89.73850901368932,8112
89.49860334105779,18880
88.84255736976509,8528
88.64536084872124,8632
88.28363381737297,8840
88.11923740024082,19328
87.96590248499699,20400
87.82368700982668,9152
87.69264507357501,20800
87.5728268357257,9360
87.46427842267951,30648
87.36704184073076,20800
87.28115489611719,19600
87.20665112249179,32208
87.14355971613737,9880
87.09190547921202,41600
87.05170877128145,10088
87.02298546935747,10192
87.00574693662483,21952
87,17040
121.62236636408618,784
120.91732712891069,1680
120.21647141718975,1792
119.5198728245642,1904
118.82760622010359,2016
118.1397477566293,2128
117.45637488020819,2240
116.77756633874505,2352
116.10340218959993,2464
114.76933388322858,2688
114.10959644131601,2800
113.45483682946268,2912
112.80514172678478,3024
111.5212984142491,3248
110.8873302050329,3360
110.25878649794764,3472
109.63576058932597,3584
109.01834707974616,3696
107.80074211247342,3920
107.20074626605917,4032
106.60675400742676,4144
106.01886624558857,4256
105.43718509140881,4368
104.86181383134664,4480
104.29285689825551,4592
103.1746092796091,4816
102.62553288534,4928
101.54801819828883,5152
100.4987562112089,12032
99.4786409235671,5600
97.06183596038146,6160
96.60227740586657,6272
96.15092303249095,6384
94.847245611035,15360
93.23089616645332,16000
92.84934033152847,16640
92.47702417357513,7392
92.11405973031478,16480
91.4166286842826,16800
90.75791976461338,7952
90.44335243676011,18048
89.8443097808648,8288
89.28605714219886,8512
88.76936408468859,18240
88.52683209061533,20000
88.29496021857646,8960
88.07383266328314,9072
87.86353054595519,20608
87.66413177577246,40672
87.47571091451616,9408
87.29833904490967,9520
87.13208364316786,20864
86.97700845625813,41888
86.83317338436964,42752
86.70063436907483,9968
86.57944328765345,10080
86.46964785403026,10192
86.37129152675674,22400
86.28441342444185,22080
86.20904824900923,10528
86.14522621712709,20960
86.09297300012354,22400
86.05230967266364,23008
86.02325267042627,33632
86.00581375697809,22176
86,5600
119.50313803411188,1920
118.80235687897779,2040
118.10588469674151,2160
116.72617529928752,2400
116.04309544302927,2520
115.36463929644994,2640
114.69088891450794,2760
114.02192771568107,2880
113.35784048754634,3000
112.69871339105873,3120
112.0446339634344,3240
111.39569111954016,3360
110.75197515168747,3480
109.48059188732951,3720
108.85311203635843,3840
108.23123393919151,3960
107.00467279516349,4200
106.40018796975878,4320
105.80170130957252,4440
105.20931517693668,4560
102.90286682109493,5040
102.34256201600583,5160
101.78899744078434,5280
100.70253224224304,5520
99.64436762808022,5760
98.11218069128827,6120
97.6165969494942,13600
96.64884893261792,6480
95.71311299921238,6720
94.81033698917012,15360
93.5200513259055,7320
93.1074647920348,7440
92.70382947861431,7560
92.30926280715278,7680
91.18113840043894,8040
90.82400563727631,17280
90.47651629014017,8280
89.81091247727082,18960
89.49301648732151,8640
89.1852005660132,18880
88.88756943465155,8880
88.60022573334675,29288
88.32326986700618,19680
88.05679985100527,9240
87.80091115700337,20640
87.55569655939013,9480
87.32124598286491,42560
87.0976463516667,9720
86.88498144098322,9840
86.68333173107735,32040
86.49277426467485,10080
86.31338250816034,33560
85.98837130682264,10440
85.84287972802403,10560
85.70880934886448,10680
85.58621384311844,35120
85.47514258543241,22720
85.37564055396598,21920
85.28774824088158,11160
85.21150157109074,23680
85.14693182963201,47312
85.09406559801923,22880
85.05292469985967,11640
85.0235261559999,11760
85.00588214941364,11880
85,53456
118.79393923933998,1024
118.0889495253472,2176
117.38824472663352,2304
116.69190203266035,2432
116,2560
115.31261856362468,2688
114.6298390472568,2816
113.95174417269794,2944
113.27841806805037,3072
112.60994627474076,3200
111.94641575325224,3328
111.28791488746656,3456
110.63453348751464,3584
109.98636279102969,3712
109.34349546269316,3840
108.07404868885037,4096
107.44766167767449,4224
106.82696288858914,4352
106.21205204683694,4480
105,4736
103.81233067415451,4992
103.22790320451152,5120
102.6498904042279,11200
102.07840124139877,5376
100.9554357129917,5632
100.40418317978589,5760
99.85990186255943,5888
97.75479527879949,6400
97.24710792614863,6528
95.77055915050303,6912
95.29428104561154,7040
94.82615672903758,7168
93.91485505499116,7424
93.47192091746055,7552
93.03762679690406,7680
92.61209424259879,7808
91.3892772703669,8192
90.62008607367353,8448
89.88882021697692,18688
89.5377015563835,8832
89.19641248391103,19840
88.86506625215557,20000
88.54377448471462,9216
88.23264701911646,20320
87.93179174792243,9472
87.64131445842195,9600
87.36131867136622,9728
86.58521813797087,10112
86.34813257969161,10240
86.12200647918046,10368
85.90692637965812,21760
85.70297544426332,46016
85.5102333057278,10752
85.32877591996736,10880
85.15867542417507,11008
84.8528137423857,17664
84.71717653463199,11392
84.5931439302264,11520
84.48076704197234,23200
84.38009243891595,24320
84.29116205154607,24928
84.2140130857092,12032
84.1486779456457,25280
84.09518416651456,24576
84.0535543567314,25312
84.02380615040002,25600
84.00595217006948,12672
84,6400
117.37972567696688,1156
116.67476162392619,2448
115.97413504743201,2584
115.27792503337315,2720
113.89907813498755,2992
113.21660655575224,3128
112.53888216967503,3264
111.8659912573969,3400
111.19802156513397,3536
109.87720418721983,3808
109.22453936730518,3944
108.57716150277645,4080
107.29864864013899,4352
106.66770832824712,4488
105.4229576515476,4760
103.60019305001319,5168
103.00485425454472,5304
101.25709851659784,5712
100.12492197250393,12608
99.56907150315303,6120
96.89685237405806,14720
95.38343671728336,7208
94.41398201537736,7480
93.47726996441435,16400
91.28526715741155,18464
90.87353850269065,8568
90.07774419910837,8840
89.69392398596462,18912
89.31965069345043,9112
88.25531145489205,9520
87.92041856133307,20672
87.5956619930462,9792
86.40023148117139,22240
86.1278120005379,10472
85.86617494683223,22016
85.61541917201598,22000
84.92938243034621,11152
84.72307831990054,23600
84.52810183601665,23520
84.34453153583817,11560
84.17244204607586,48608
84.01190391843289,11832
83.86298349093002,24736
83.72574275573791,24848
83.60023923410746,25440
83.48652585896721,51200
83.38465086573187,25024
83.2946576918352,12648
83.21658488546619,38480
83.15046602394962,12920
83.09632964216891,26592
83.05419917138447,13192
83.02409288875127,25856
83.00602387778854,52848
83,6800
115.26057435220423,2736
114.56002793295748,2880
113.86395390991831,3024
113.17243480636087,3168
112.48555462813881,3312
111.80339887498948,3456
111.12605455067681,3600
109.78615577567146,3888
107.81465577554843,4320
107.16809226630845,4464
106.5269918846862,4608
105.89145385724005,4752
105.26157893552613,4896
104.63746938836012,5040
104.01922899156675,5184
102.80077820717118,5472
101.6070863670443,5760
99.86490875177326,6192
98.73702446397704,6480
97.63708311906906,6768
97.09788875150684,6912
96.04165762834376,7200
95.01578816175763,16000
94.51454914456292,7632
92.59049627256569,8208
92.13034245024816,8352
91.23595782365635,8640
90.37698822156003,8928
89.96110270555825,9072
89.55445270895244,19072
89.15716460273958,9360
88.3911760301898,20896
87.31551981177229,10080
86.64871608973787,10368
86.33075929238663,21600
85.72630868059116,10800
85.44003745317531,34240
85.16454661418682,11088
84.8999411071645,24000
84.64632301523794,24160
84.40379138403677,24320
83.95236744726142,11808
83.74365647617735,11952
83.54639429682169,25472
83.3606621854697,12240
83.18653737234169,25280
82.87339742040264,25344
82.73451516749222,39696
82.60750571225353,12960
82.49242389456137,26560
82.38931969618392,13248
82.29823813423954,26784
82.21921916437786,40544
82.15229759416349,27360
82.09750300709517,27648
82.05485969764375,13968
82.02438661763951,21168
82.00609733428362,41360
82,20320
114.5512985522207,1444
113.84638773364749,3040
113.14592347937243,3192
112.44998888394787,3344
111.75866856758807,3496
111.07204868912791,3648
110.39021695784459,3800
109.71326264403953,3952
108.37435120913067,4256
107.71258050942797,4408
107.05606008068857,4560
105.75916035975324,4864
104.48444860360799,5168
103.85566907973777,5320
103.23274674249446,5472
102.00490184299969,5776
101.40019723846694,5928
100.80178569846865,6080
100.20977996183805,6232
98.4733466477097,6688
97.9081201943945,6840
97.3498844375277,6992
95.71833680126291,7448
94.66784036831093,7752
93.15041599477696,8208
92.66067126888301,8360
90.78546139112804,19136
90.33825324855468,9120
89.89994438263018,9272
89.47066558375433,19168
88.63972021616495,9728
88.23831367382311,21040
87.84645695758026,10032
86.7294644281861,10488
86.37708029332781,10640
86.03487664894976,10792
85.38149682454625,11096
85.07055894961546,11248
84.77027781009096,11400
84.20213774008353,24640
83.93449827097318,24000
83.67795408588812,12008
83.43260753446461,12160
83.19855767980596,12312
82.97590011563598,26080
82.76472678623425,38792
82.56512580987206,25536
82.37718130647589,26560
82.20097323024831,26944
82.03657720797473,27328
81.88406438373708,27040
81.74350127074322,26800
81.61494961096282,13680
81.49846624323675,13832
81.39410298049853,55808
81.30190649671138,28272
81.2219182240853,14288
81.15417426109393,28240
81.09870529176159,14592
81.05553651663777,29248
81.02468759581859,57024
81.00617260431454,29200
81,7600
113.13708498984761,1600
112.43220179290273,3360
111.73182178770737,3520
111.03603018840326,3680
110.34491379306978,3840
108.97706180660222,4160
107.62899237658968,4480
106.96261028976434,4640
106.30145812734649,4800
105.64563407921787,4960
104.9952379872535,5120
104.35037134576953,5280
103.71113729971339,5440
102.44998779892558,5760
101.82828683622247,5920
100.60318086422517,6240
98.812954616285,6720
98.22932352408826,6880
97.65244492586962,7040
95.96353474106714,7520
95.4148835350125,7680
94.87360012142472,7840
93.81364506296512,16800
93.29523031752481,8320
92.78469701410896,8480
92.28217596047462,8640
91.30169768410661,8960
89.89438247187641,9440
87.72684879784524,21760
86.92525524840292,10560
86.53900854527974,10720
86.16263691415206,10880
85.7962703152066,23360
84.75848040166836,11520
84.43340571124678,11680
84.11896337925236,24320
83.81527307120105,37152
83.5224520712844,12160
83.24061508662703,38720
82.96987405076617,12480
82.71033792700887,12640
82.46211251235322,39680
82.22530024268686,12960
81.78630692236935,13280
81.58431221748455,13440
81.21576201698781,28160
81.04936767180853,13920
80.89499366462674,14080
80.75270893288967,14240
80.62257748298549,57728
80.50465825031493,14560
80.39900496896712,14720
80.30566605165541,14880
80.22468448052632,15040
80.15609770940699,44960
80.09993757800315,15360
80.05623023850174,59520
80.02499609497022,15680
80.00624975587844,30240
80,22976
111.72287142747452,1764
110.3177229641729,3864
108.93117092916977,4200
108.2450922675019,4368
107.56393447619885,4536
106.21675950620975,4872
104.89041900955492,5208
102.9417310909429,5712
102.30347012687302,5880
101.67103815738285,6048
101.04454463255303,6216
98.60020283954795,6888
96.83491106000976,7392
96.26006440887103,15680
95.69221493935649,7728
94.03190947758107,8232
93.49331526906082,8400
90.91754506144565,9240
88.54942122905152,10080
88.10221336606703,10248
87.23531395025755,21440
86.81589716175259,10752
86.4060183089118,10920
85.23496934944014,23520
84.86459803710851,24384
84.50443775329198,24640
84.15461959987698,11928
83.16850365372699,12432
82.86132994346639,12600
82.28000972289685,26000
81.49233092751734,27360
81.25269226308751,13608
80.8084154033477,28608
80.60397012554654,28800
80.4114419718985,28480
80.23091673413684,28800
80.06247560499239,29232
79.90619500389191,29920
79.76214641043707,14952
79.63039620647382,30240
79.51100552753688,30576
79.40403012442127,60608
79.30952023559341,60848
79.22752047110903,15792
79.1580697086532,31040
79.1012010022604,16128
79.05694150420949,46696
79.02531240052139,31968
79.00632886041473,16632
79,8400
110.30865786510141,1936
108.90362712049586,4224
108.2081327812286,4400
107.5174404457249,4576
106.15083607772479,4928
104.80458005259122,5280
104.1393297462587,5456
103.47946656221224,5632
102.82509421342633,5808
102.17631819555841,5984
100.26464980241042,6512
98.40731680114035,7040
97.20082304178294,7392
95.44108130150245,7920
94.30270409696638,8272
91.58602513484249,9152
91.0659101969557,9328
89.06739021662193,10032
88.58893836140041,10208
87.65842800324451,21760
86.76404785393545,10912
85.492689745966,11440
85.0881895447306,23680
84.69356528095862,11792
84.30895563343196,11968
83.57032966310472,12320
82.54089895318563,12848
81.9084855189009,13200
81.60882305241266,27520
81.32035415564789,28000
81.04319835741924,13728
80.77747210701756,42288
80.52328855678958,14080
80.2807573457052,29152
80.049984384758,14432
79.83107164506812,14608
79.62411694957753,29568
79.42921376924235,14960
79.2464510246358,30592
79.07591289387686,45712
78.91767862779544,15488
78.77182237323191,61728
78.63841300535,15840
78.5175139698144,31840
78.40918313565064,32000
78.31347265956222,16368
78.23042886243178,32320
78.16009211867653,32320
78.10249675906654,48640
78.05767098754612,17072
78.02563681252464,17248
78.00640999302557,33408
78,24480
108.89444430272832,2116
108.18964830333815,4416
107.48953437428223,4600
106.7941945987702,4784
105.41821474489122,5152
104.7377677822093,5336
103.39245620450265,5704
102.06860437960343,6072
100.7670581092849,6440
99.48869282486326,6808
96.40020746865642,7728
94.62557793746889,8280
91.80958555619343,9200
90.7358804442873,9568
90.21086409075129,19904
88.19297024139736,10488
87.70974860299168,10672
86.76981041814025,11040
85.42833253669417,24000
84.581321815162,11960
83.773504164503,12328
82.63776376451628,12880
81.93289937503738,13248
81.59656855530139,13432
81.27115109311545,27872
80.95677859203639,27840
80.65358020571685,28000
80.36168241145776,14168
80.0812087820857,14352
79.81227975693966,29632
79.55501241279521,14720
78.85429601486528,15272
78.64477096412705,31200
78.44743462982075,31040
78.26237921249263,31424
78.08969202141856,16008
77.92945527847606,16192
77.78174593052023,24476
77.64663547121665,16560
77.52418977325722,32848
77.41446893184762,33056
77.31752712031083,17112
77.23341245859851,33760
77.1621668954417,33680
77.10382610480494,67328
77.05841939723393,17848
77.02596964660685,34400
77.00649323271382,34752
77,9200
107.48023074035522,2304
106.07544484940895,4992
105.38026380684383,5184
104.6900186264192,5376
104.00480758118829,5568
103.32473082471591,5760
101.31633629380802,6336
100.00499987500625,6720
99.35793878699377,6912
97.45255255764212,7488
96.82974749528164,7680
96.21330469326995,7872
94.40338976964757,8448
91.52595260361949,9408
90.97252332435328,9600
88.83692925805124,10368
87.8179936004006,10752
86.35392289873113,11328
85.88364221433555,11520
85.42247947700886,11712
84.970583144992,11904
83.6719785830358,12480
83.2586331859946,12672
82.85529554590944,26080
82.0792300158816,13248
81.70679286326198,13440
81.34494452638098,28064
80.99382692526635,28160
80.32434251209281,14208
79.6994353806851,14592
79.12016177940993,29952
78.84795495128583,15168
78.587530817554,15360
78.33900688673555,15552
77.87810988975015,31712
77.6659513557904,32256
77.46612162745726,32640
77.27871634544663,16512
76.94153624668537,33280
76.79192665899195,17088
76.6550715869472,33920
76.53103945458993,17472
76.4198926981712,34560
76.32168761236873,51360
76.23647421018367,18048
76.16429609731846,18240
76.10519036176179,18432
76.05918747922567,69440
76.02631123499285,52736
76.00657866263946,36000
76,9600
105.3612832116238,5200
104.66135867644753,5400
103.96634070698074,5600
103.27632836231156,5800
102.59142264341595,6000
101.91172650877817,6200
99.90495483208028,6800
98.59513172565875,7200
96.67471230885562,7800
93.60021367496978,8800
91.83681179135085,9400
91.2633551870629,9600
90.69729874698585,9800
89.58794561770016,10200
89.04493247793498,10400
88.50988645343524,10600
87.98295289429652,10800
86.95401083331349,11200
86.45229898620394,23440
85.95929269136641,11600
84.53401682163222,12200
84.07734534343957,12400
83.6301381082203,25920
83.19254774317228,12800
82.34682750416071,13200
81.93900170248598,13400
81.54140052758476,27680
79.71198153351854,14600
79.37883848986453,14800
78.74642849044012,30880
77.88452991448301,15800
77.62087348130012,48128
77.3692445355388,32320
77.12976079309465,16400
76.90253571892151,16600
76.68767828015137,16800
76.48529270389177,50472
76.2954782408499,17200
76.11832893594026,17400
75.95393340703298,17600
75.8023746329889,52040
75.66372975210778,52432
75.53806987208503,18200
75.4254598925323,18400
75.32595834106593,18600
75.23961722390672,36160
75.16648189186454,54008
75.1065909225016,19200
75.05997601918082,19400
75.02666192761077,37120
75.0066663703967,37440
75,45296
103.9471019317037,5616
101.86265262597475,6240
101.17806086301516,6448
99.15644204992432,7072
97.83659846908007,7488
95.26804291051643,8320
92.80086206496145,9152
92.20086767487604,9360
91.60785992479029,9568
89.87213138676528,20800
89.30845424706443,10400
88.75246475450696,10608
86.6083136886985,23200
84.59905436823747,24800
83.64807230295268,12688
82.29216244576394,13312
81.85963596303125,13520
81.43709228600933,13728
79.84985911070852,14560
79.47955712005447,14768
78.43468620451031,15392
78.10889834071403,15600
77.79460135510689,32000
77.4919350642375,32000
77.20103626247513,32640
76.92203845452875,32800
76.40026177965623,33696
76.15773105863909,50720
75.92759709091287,34400
75.7099729229908,17472
75.50496672405067,17680
75.31268153505093,17888
75.13321502504735,35520
74.96665925596525,35968
74.81310045707235,36224
74.67261881037788,36480
74.54528824815154,18928
74.43117626371358,36992
74.33034373659252,109952
74.24284477308234,37504
74.16872656315464,19760
74.10802925459562,19968
74.06078584514209,38272
74.02702209328699,38528
74.00675644831355,20592
74,28640
103.23759005323593,2916
102.53292154230269,6048
99.08582138732059,7128
96.42613753542138,7992
95.77577981932593,8208
94.49338601193207,8640
93.23625904121208,9072
92.61749294814668,9288
91.40021881811882,9720
88.48163651289458,10800
86.82165628459296,11448
85.75546629807339,11880
84.21995013059554,25600
81.8413098624405,27600
80.52949770115296,28640
80.11242100947892,14472
79.7057087039567,14688
78.92401408950256,15120
78.54934754662193,30912
78.18567643756751,15552
77.83315488916018,31936
76.84399781375251,32992
76.53757247260981,33264
76.24303246854758,16848
75.96051605933177,34000
75.69015788066504,34560
75.43208866258443,34880
75.18643494673756,17712
74.95331880577403,26764
74.73285756613352,35808
74.52516353554684,18360
74.14849964766651,18792
73.97972695272672,37600
73.824115301167,55640
73.68174807915459,37920
73.55270219373317,38080
73.43704787094863,19872
73.33484846919642,20088
73.24616030891995,76448
73.17103251970687,20520
73.10950690573696,39392
73.06161783043132,39600
73.02739212103907,21168
73.00684899377592,78080
73,29520
101.82337649086284,3136
100.41912168506553,6720
99.03534722511958,7168
95.67131231461184,8288
93.72299611087985,8960
92.45539465060976,9408
91.8313671900838,9632
90.60353193998566,10080
89.40357934669059,10528
86.53323061113575,11648
85.98255637046388,11872
84.90583018850944,12320
83.35466393669883,12992
82.365041127896,13440
81.41252974819048,13888
80.95060222135473,14112
80.49844718999243,14336
79.20227269466452,30400
78.79086241436883,15232
78.39005038906404,31072
77.25283166331187,16128
76.89603370785778,16352
76.55063683601855,33280
76.21679604916491,33760
75.8946638440411,17024
75.58438992278762,34400
75.28612089887484,34944
74.72616676907762,17920
74.46475676452586,36000
74.21590126111789,18368
73.7563556583431,37120
73.54590403278758,19040
73.348483283569,37760
73.16419889536138,38176
72.99315036357864,19712
72.83543093852057,38752
72.69112738154499,20160
72.56031973468694,39328
72.44308110509934,20608
72.3394774656273,20832
72.24956747275377,40192
72.17340230306452,21280
72.11102550927978,60160
72.06247289678588,21728
72.02777242147643,21952
72.00694410957877,81152
72,11200
100.40916292848975,3364
99.70456358662827,6960
96.93812459502195,7888
95.58765610684259,8352
92.9569792968769,9280
92.31467922275417,9512
87.41853350405736,11368
86.83893136145792,11600
86.2670273047588,17916
84.05950273467003,12760
83.52843827104634,12992
81.98780397107853,13688
79.60527620704548,14848
78.7210264160726,15312
78.29431652425353,31168
77.47257579298626,16008
77.07788269017254,32800
76.69419795525604,33200
75.61084578286372,17168
75.27283706623525,17400
74.94664769020693,35200
74.63243262818116,35648
74.04052944165107,18328
73.76313442364011,18560
73.49829930005184,37200
72.78049189171504,19488
72.56721022610694,19720
72.3671196055225,19952
72.18032973047436,39360
71.84705978674423,40000
71.7007670809734,40320
71.56814934033156,41200
71.449282711585,40928
71.34423592694787,41232
71.25307010929424,21808
71.17583859709698,41920
71.11258679024411,42144
71.06335201775947,62888
71.02816342831905,42560
71.00704190430693,22968
71,11600
98.29038610159185,7440
97.59098319004681,7680
94.17536832951598,8880
93.50935782048768,9120
90.9065454189081,10080
89.64373932405988,10560
88.40814442120137,11040
87.20091742636656,11520
85.44588931013593,12240
84.87638069569178,12480
84.31488599292535,12720
83.7615663654877,12960
82.68010643437755,13440
81.6333265278342,13920
81.12336284942828,14160
80.1311425102625,14640
79.64923100695951,30080
79.17701686727027,15120
78.71467461661771,15360
77.82030583337487,15840
77.38862965578342,32320
76.96752561957543,16320
76.55716818169282,16560
75.76938695805846,17040
75.39230729988306,17280
73.37574531137656,18720
73.08214556237385,18960
72.80109889280519,56960
72.53275122315436,19440
72.27724399837061,19680
72.03471385380801,19920
71.80529228406496,20160
71.58910531638176,79040
71.386273190299,20640
71.19691004531025,40640
71.02112361825881,40960
70.8590149522275,21360
70.71067811865476,51664
70.57619995437555,42240
70.45565981523414,42240
70.34912934784623,22320
70.25667228100119,22560
70.178344238091,63440
70.11419257183242,23040
70.06425622241343,23280
70.02856560004639,23520
70.00714249274856,64880
70,32416
97.58073580374356,3844
95.4829827770373,8432
94.79451460923254,8680
92.09777413162601,9672
91.43850392476902,9920
87.6184911990614,11408
85.80209787645055,12152
84.62860036654276,12648
82.92767933567175,13392
81.83520025025906,28000
80.26207074328447,14632
79.75587752636166,14880
79.25906888173743,15128
77.82673062643708,15872
75.64390259630977,17112
74.84650960465692,17608
74.09453421137081,36160
73.7360156233031,18352
73.38937252763509,18600
73.05477397131553,18848
72.73238618387272,19096
72.42237223399962,38368
72.12489168102785,29196
71.84010022264724,39200
71.30918594402827,40192
70.83078426785913,40800
70.61161377563892,21080
70.40596565632774,21328
70.21395872616783,83152
70.03570517957252,42208
69.87131027825369,22072
69.72087205421343,22320
69.58448102845921,22568
69.46221994724903,64640
69.35416353759881,85760
69.26037828369117,44800
69.18092222571191,23560
69.1158447825099,44800
69.06518659932803,45040
69.02897942168927,45280
69.00724599634447,24552
69,12400
94.06912352095134,8960
90.68627239003708,10240
89.37561188601732,10752
88.72992730753249,11008
87.45856161634491,11520
86.21484790916237,12032
85.60373823613078,12288
83.23460818673925,13312
82.66196223173026,13568
80.45495634204272,14592
79.92496481075234,14848
78.89233169326408,15360
77.89736837660179,32000
76.47875521999558,16640
75.15317691222374,17408
74.32361670424818,17920
73.92563831310488,36320
73.53910524340094,27648
72.44998274671983,38240
71.78439941937245,19712
71.47027354082255,19968
71.16881339463234,40288
70.8801805866774,20480
70.60453243241541,40800
70.3420215802759,20992
70.09279563550022,41600
69.85699678629192,42240
69.63476143421474,42400
69.42621983083913,42752
69.2314957226839,22272
69.05070600652827,22528
68.8839603971781,87232
68.73136110975832,23040
68.59300255857006,44512
68.46897107449476,23552
68.3593446428504,23808
68.26419266350405,45568
68.18357573492314,24320
68.11754546370561,46080
68.06614430096654,48064
68.0294054067798,46976
68.00735254367721,91520
68,34560
94.75230867899737,4356
93.34880824091971,9240
91.96738552334735,9768
89.9388681271896,10560
88.61715409558128,11088
84.81155581640984,12672
82.41965784932621,13728
80.7093550959243,14520
79.61155694998057,15048
78.03204469959762,15840
75.59100475585703,17160
74.68600939935136,17688
74.24957912338628,36000
73.40980860893181,36960
72.61542535852834,19008
72.2357252334328,19272
71.8679344353238,38880
71.5122367151245,19800
70.83784299369935,40256
70.51950084905593,20592
69.92138442565336,21120
69.6419413859206,63048
69.3757882838098,21648
69.12307863514182,21912
68.65857557508748,22440
68.4470598345904,44288
68.24954212300622,44400
67.89698078707183,45120
67.7421582177598,45600
67.60177512462228,46000
67.47592163134935,46176
67.36467917239716,24552
67.26812023536856,70480
67.1863081289633,48320
67.11929677819934,92288
67.06713054842886,48400
67.02984409947557,25872
67.00746227100382,48320
67,13200
93.33809511662427,4624
92.63368717696602,9520
91.93475947648963,9792
86.55634003352961,11968
85.9127464349732,12240
85.27602242131137,12512
83.40863264674707,13328
82.80096617793781,13600
80.44874144447506,14688
79.88116173416608,14960
79.32212806020776,15232
77.69813382572325,16048
77.17512552629896,16320
76.66159403508382,16592
75.17978451685,17408
74.70609078247904,17680
73.79024325749306,18224
72.91776189653656,37536
72.49827584156743,19040
72.09022125087424,19312
71.69379331573968,39040
70.9365914038728,40000
70.22819946431775,20672
69.8927750200262,41440
69.57010852370435,21216
68.96375859826666,42880
68.6804193347711,43200
68.41052550594829,43648
68.15423684555495,44480
67.91170738539859,22848
67.68308503607086,23120
67.468511173732,23392
67.08203932499369,46336
66.91038783328041,24208
66.75327707311455,24480
66.61080993352356,47200
66.48308055437865,94208
66.37017402418047,48000
66.27216610312357,25568
66.18912297349165,48800
66.12110101926616,26112
66.06814663663572,49120
66.03029607687671,49472
66.007575322837,26928
66,13600
89.8276126811795,10640
87.78382538941898,11480
87.11486669908874,11760
83.86894538504703,13160
82.61961026293939,13720
81.40024569987489,14280
80.80222769206304,14560
80.2122185206219,14840
78.49203781276162,31520
77.93587107359485,15960
76.8505042273634,16520
75.29276193632427,17360
74.79304780526061,17640
74.30343195303969,17920
73.35529974037323,18480
72.89718787443039,18760
72.01388754955533,19320
70.77428911688199,20160
70.3846574190711,20440
69.28924880528002,21280
68.9492567037528,21560
68.62215385719105,43040
68.30812543175226,22120
67.72001181334805,22680
67.446274915669,22960
66.94027188471824,23520
66.70832032063167,68920
66.49060083951716,24080
66.2872536767062,47040
66.09841147864296,48320
65.92419889539804,48320
65.76473218982953,71280
65.62011886609167,25480
65.49045732013177,25760
65.37583651472461,26040
65.27633568147036,26320
65.19202405202648,97280
65.12296062065974,26880
65.06919393998976,50480
65.03076195155643,27440
65.00769185258002,27720
65,109872
90.50966799187809,5184
88.41379982785493,11232
87.04596486914255,11808
85.0411665018772,12672
84.38601779915912,12960
83.73768566183328,13248
78.81624198095213,15552
78.2368199762746,15840
75.47184905645283,17280
73.43023900274328,18432
72.94518489934754,37440
72.47068372797375,38016
71.55417527999327,19584
70.68238818828917,20160
70.26378868236469,20448
69.07966415668217,21312
68.70953354520753,21600
68.35202996254024,21888
67.67569726275453,44288
67.35725647619564,44704
67.05221845696084,23040
66.76076692189807,23328
66.21933252457322,46560
65.96969000988257,24192
65.73431371817918,47520
65.5133574166368,48000
65.30696746902278,48672
65.11528238439882,48640
64.93843238021688,25632
64.77653896280658,25920
64.6297145282261,26208
64.4980619863884,50432
64.38167441127949,50528
64.28063471995279,27072
64.19501538281614,52320
64.1248781675256,27648
64.07027391856539,52000
64.03124237432849,77760
64.00781202322104,52800
64,14400
89.09545442950498,5476
85.63293758829018,12432
84.95881355103778,12728
82.3286098510111,13912
81.68843247363729,14208
80.43009387039157,14800
78.60025445251433,15688
77.42092740338364,16280
76.27581530209953,16872
75.71657678474378,17168
74.62573282722254,17760
73.57309290766564,18352
72.069410986909,19240
71.11961754677819,19832
70.66116330771806,20128
69.77822009767804,20720
68.94200461257273,21312
68.54195795277518,21608
67.77905281132217,22200
67.4166151627327,44512
66.73080248281148,45600
66.40783086353596,23384
65.80273550544841,46912
65.52098900352466,24272
65.25335240430181,24568
64.76109943476871,25160
64.53681120105021,49120
64.32728814430156,25752
64.13267497929586,26048
63.953107821277925,50768
63.788713735268246,52480
63.63961030678928,39036
63.50590523722971,52000
63.387695966961914,27528
63.28506932918696,52480
63.198101237299845,28120
63.12685640834652,52960
63.071388124885914,53824
63.0317380372777,53600
63.00793600809346,54000
63,14800
87.68124086713189,5776
86.27861844049197,12160
82.87943049997388,13680
81.5659242576212,14288
80.91971329657564,14592
77.80102827083971,16112
76.60939890117922,16720
75.45197147855052,17328
74.88658090739622,17632
73.78346698278686,18240
72.71863585079137,18848
72.20110802473879,38304
70.2353187506115,20368
69.77105417004964,20672
69.31810730249349,20976
68.87670143089025,21280
67.62396025078685,44000
67.23094525588644,44672
66.85057965343307,45120
66.12866246946176,23408
65.7875368135941,23712
65.45991139621256,47200
65.14598989960932,24320
64.8459713474939,72816
64.5600495662759,24928
64.28841264178172,25232
63.56099432828282,51008
63.34824385884742,26448
63.150613615387776,26752
62.96824596572466,102080
62.80127387243033,52160
62.64982043070834,78320
62.51399843235114,27968
62.39390995922599,54144
62.289646009589745,53632
62.20128616033595,54080
62.12889826803627,54528
62.07253821135398,29488
62.03224967708329,56000
62.00806399170998,55392
62,15200
85.56284240252891,12480
82.80700453464067,13728
82.13403679352427,14040
81.46778504415104,14352
78.87331614684399,15600
78.24321056807422,15912
75.21303078589507,17472
72.40165743959182,19032
70.32780389006896,20280
69.83552104767315,20592
68.42514157822401,21528
67.97793759742936,21840
67.54257916307313,22152
66.30987860040162,23088
65.55150646628954,23712
64.51356446515724,24648
63.89053137985315,49344
63.60031446463138,49888
63.324560795950255,51152
63.06346010171025,51200
62.81719509815764,26520
62.5859409132754,26832
62.369864518050704,52160
62.16912416947821,53152
61.98386886924694,54336
61.814237842102365,28080
61.66036003787198,28392
61.5223536610881,54240
61.40032573203501,107888
61.29437168288782,81328
61.204574992397426,29640
61.1310068623117,57504
61.07372593840988,56128
61.032778078668514,83792
61.00819617067857,30888
61,44080
83.45058418010026,13440
82.75868534480233,13760
82.07313811473277,14080
80.72174428244226,14720
79.39773296511683,15360
76.83749084919418,16640
75.6042326857432,17280
74.4043009509531,17920
73.81734213584231,18240
73.23933369440222,18560
72.67048919609665,18880
71.56116265125938,19520
70.49113419430843,20160
69.9714227381436,20480
68.47627326307996,21440
67.53517601961218,22080
66.64082832618455,22720
66.2117814289874,23040
65.79513659838392,46240
65.39113089708727,23680
64.62197768561404,24320
64.25729530566937,24640
63.90618123468183,24960
63.56886030125127,25280
63.245553203367585,50176
62.93647591023825,50560
62.6418390534633,26240
62.36184731067546,26560
62.0966987850401,26880
61.84658438426491,78720
61.61168720299745,53120
61.39218191268331,27840
61.18823416311342,28160
60.8276253029822,81280
60.67124524847005,29120
60.530983801686226,29440
60.40695324215582,57280
60.29925372672534,30080
60.207972893961475,112320
60.13318551349163,30720
60.07495318350236,31040
60.03332407921454,58240
60.00833275470999,59040
60,42624
83.43860018001261,6724
80.65977932030313,14760
79.98124780221924,15088
77.98717843338096,16072
77.33692520394123,16400
74.2024258363566,18040
73.60027173862879,18368
71.28113354878694,19680
70.7248188403477,40000
68.60029154456998,42560
68.09552114493287,21648
66.64833081180653,22632
65.7419196555744,23288
64.88451279003334,47680
64.47480127925948,24272
64.07807737440318,24600
63.694583757176716,24928
62.625873247404705,50800
62.297672508690084,26240
61.68468205316454,53440
60.876925020897694,53840
60.63827174318213,28208
60.41522986797286,82232
60.01666435249463,29192
59.841457201508724,29520
59.682493245507096,56896
59.53990258641679,57440
59.413803110051795,57408
59.30430001273095,30832
59.21148537234985,31160
59.135437767890075,60000
59.07622195096772,59152
59.033888572581766,117088
59.00847396772772,32472
59,16400
79.93122043357026,15120
78.56844150166147,15792
76.57675887630658,16800
74.65252842335616,17808
71.61005515987263,19488
69.33974329343886,20832
68.79680225126747,21168
66.24198064671678,22848
65.29931086925804,46720
64.40496875241847,48000
63.97655820689325,24528
63.15853069855251,25200
62.76941930590086,50560
61.35144660071187,26880
60.728905802755904,27552
60.440052945046304,54176
60.166435825965294,55680
59.90826320300064,55360
59.665735560705194,55680
59.43904440685432,29232
59.22837157984339,29568
58.855755878248644,30240
58.69412236331676,115872
58.54912467321779,30912
58.42088667591412,31248
58.309518948453004,88288
58.215118311311535,31920
58.137767414994535,88448
58.077534382926416,32592
58.034472514187634,32928
58.008620049092706,61248
58,44640
80.61017305526642,7396
79.20858539325141,15480
77.15568676384133,16512
75.82216034906945,17200
74.51845409024533,17888
73.87827826905551,18232
72.62231062146122,18920
71.40028011149536,19608
70.80254232723568,19952
68.5054742338158,21328
67.95586803212802,21672
66.88796603276258,22360
65.86349520030045,23048
65.36818798161687,23392
64.41273166075166,24080
62.24146527838174,50880
61.465437442517235,26488
61.09828148156051,26832
60.74537019394976,53440
60.08327554319921,27864
59.77457653551382,28208
59.481089431852205,56000
59.20304046246274,56032
58.9406481131655,29240
58.463663928973865,29928
58.249463516842795,58144
58.05170109479997,58432
57.87054518492115,60480
57.706152185014034,59920
57.55866572463264,31648
57.42821606144492,60400
57.3149195236284,60640
57.21887800367987,32680
57.14017850864661,61728
57.07889277132134,33368
57.0350769263968,33712
57.0087712549569,122960
57,17200
79.19595949289332,7744
75.7429864739964,17248
75.07329751649384,17600
74.41102068914255,17952
71.21797525905943,19712
69.40461079784254,20768
68.81860213634101,21120
68.24221567329127,21472
66.57326790837296,22528
66.03786792439622,22880
63.52952069707436,24640
62.609903369994115,25344
61.741396161732524,26048
61.326992425847855,26400
60.92618484691127,26752
60.53924347066124,53600
59.80802621722272,27808
59.464274989274024,55040
58.82176467941097,56320
58.52349955359813,85760
58.240879114244144,29568
57.97413216254298,29920
57.723478758647246,30272
57.48912940721924,58848
57.271284253105414,60160
57.0701322935211,31328
56.88585061331157,31680
56.71860364994893,32032
56.568542494923804,46784
56.43580423808985,62112
56.32051136131489,64000
56.22277118748239,62560
56.142675390472796,33792
56.08029957123981,123200
56.0357029044876,63872
56.00892785976178,34848
56,17600
76.38062581571324,16920
73.66138744281159,18360
72.34638899074369,19080
70.43436661176133,20160
69.81403870282824,20520
69.20260110718382,20880
67.42403132415029,21960
64.66065264130884,47360
64.1404708432983,24120
63.631753079732135,24480
63.13477647065839,24840
62.177166226839255,25560
61.71709649683789,51360
61.26989472816156,26280
60.83584469702052,26640
59.61543424315552,27720
59.23681287847955,28080
58.872744118140105,28440
58.18934610390462,29160
57.56735185849702,29880
57.28001396647874,58560
56.753854494650845,30960
56.515484603779164,31320
56.293871780150276,31680
56.089214649520635,32040
55.90169943749474,91664
55.731499172371095,32760
55.57877292636101,33120
55.44366510251645,63120
55.326304774492215,33840
55.226805085936306,94040
55.14526271584895,34560
55.08175741568164,66880
55.036351623268054,66080
55.00909015790027,66240
55,48016
76.36753236814714,8464
74.27651041883968,18032
73.59347797189639,18400
70.2922470831599,20240
69.65629906907199,20608
67.80117993073571,21712
67.20119046564577,22080
64.89992295835181,23552
64.35060217278468,47680
63.812224534175265,24288
62.26556030423239,25392
61.773780845922005,25760
60.37383539249432,26864
59.93329625508679,27232
59.50630218724736,27600
59.09314681077663,27968
57.9396237474839,29072
57.584720195551874,29440
57.245087125446844,58816
56.92099788303083,30176
56.61271941887264,59488
56.04462507680822,31280
55.78530272392541,31648
55.54277630799526,62592
55.31726674375732,62080
55.10898293381942,32752
54.91812087098393,63360
54.74486277268398,33488
54.589376255824725,64640
54.45181356024793,64480
54.3323108288245,34592
54.230987451824994,66560
54.147945482723536,35328
54.08326913195984,98640
54.037024344425184,66688
54.00925846556311,36432
54,18400
72.86288492778748,18800
71.50524456289902,19552
69.52697318307479,20680
66.40030120413611,22560
65.21502894272147,23312
64.63745044476924,23688
63.51377803280167,24440
62.433965115151864,25192
61.91122676865643,25568
60.90155991434045,26320
59.941638282582836,27072
58.60034129593445,55760
58.180752831155424,56800
57.77542730261716,28952
57.38466694161429,57600
56.64803615307419,30080
56.302753041036986,59712
55.97320787662612,60064
55.65968020030299,31208
55.362442142665635,62688
54.817880294662984,62432
54.57105459856901,32712
54.3415126767741,33088
54.12947441089743,64880
53.9351462406472,33840
53.75872022286245,97496
53.600373133029585,99008
53.46026561849464,34968
53.33854141237835,66880
53.23532661682466,67520
53.150729063673246,101472
53.08483775994799,36472
53.03772242470448,68096
53.009433122794285,68688
53,50480
72.13875518748573,19200
70.76722405181653,19968
68.76772498781678,21120
66.84309986827361,22272
65.60487786742691,23040
63.8200595424354,24192
62.68173577685928,24960
61.587336360651285,25728
61.05735008989499,26112
59.0592922409336,27648
58.59180830116101,28032
57.697486947006624,28800
56.859475903318,58400
56.462376853972415,29952
55.71355310873648,30720
55.02726596879042,31488
54.70831746635972,62400
54.405882034941776,62720
54.120236510939236,63840
53.85164807134504,96128
53.36665625650534,33792
52.952809179494906,34560
52.773099207835045,67168
52.61178575186362,35328
52.46903848937962,35712
52.3450093132096,67840
52.23983154643591,36480
52.15361924162119,69120
52.08646657242167,37248
52.03844732503075,37632
52.009614495783374,70112
52,52480
71.42128534267638,19600
68.01470429252781,21560
65.43699259593154,23128
64.81512169239521,23520
64.20280367709809,23912
62.42595614005443,25088
61.85466837676846,25480
59.16924876994806,27440
58.66856057549052,27832
56.79788728465171,29400
56.36488268416781,29792
55.94640292279746,59968
55.154328932550705,45852
54.78138369920935,31360
54.42425929675111,31752
53.45091205957107,32928
53.16013544000805,33320
52.88667128870941,33712
52.630789467763066,65728
52.392747589718944,67360
52.172789842982326,34888
51.97114584074513,67840
51.78802950489621,35672
51.62363799656123,134720
51.478150704935004,102952
51.35172830587107,36848
51.24451190127583,71920
51.15662224971465,37632
51.088159097779204,70720
51.03920062069938,71360
51.0098029794274,38808
51,53040
69.31089380465383,20800
67.94115100585212,21600
66.60330322138685,22400
65.94694837519019,22800
63.41135544995076,24400
60.4648658313239,26400
59.36328831862332,27200
58.83026432033091,27600
57.8013840664737,56480
57.30619512757761,28800
56.824290580701486,29200
56.356011214421486,29600
55.46169849544819,30400
54.62600113499065,31200
53.48831648126533,32400
53.14132102234569,32800
52.81098370604357,33200
52.49761899362675,65280
52.20153254455275,99472
51.92301994298868,34400
51.66236541235796,67040
51.419840528729765,35200
51.19570294468082,35600
50.99019513592785,102432
50.80354318352215,69440
50.635955604688654,36800
50.48762224545735,37200
50.35871324805669,37600
50.24937810560445,105008
50.15974481593781,72960
50.08991914547278,73120
50.039984012787215,39200
50.00999900019995,76320
50,89376
69.29646455628166,10404
67.20863039818622,22032
66.52818951391959,22440
65.85590330410783,22848
63.25345840347388,24480
60.802960454241045,26112
60.21627686929839,26520
59.64059020499378,26928
57.982756057296896,42076
57.4543296888929,28560
56.938563381947034,28968
55.47071299343465,60000
54.56189146281496,61216
53.71219600798314,63200
53.31041174104736,32232
52.92447448959697,32640
52.55473337388365,33048
51.86520991955976,66240
51.54609587543949,34272
50.96076922496363,35088
50.695167422546305,69840
50.44799302251776,69088
50.21951811795888,69824
49.8196748283246,70800
49.64876634922564,141632
49.49747468305833,54844
49.36598018878993,38352
49.25444142409901,38760
49.16299421312742,39168
49.09175083453431,74032
49.040799340956916,146528
49.01020301937138,40392
49,20400
67.88225099390856,10816
67.17886572427373,22048
64.4437739428721,23712
63.7808748764079,24128
62.48199740725323,24960
61.220911460055866,25792
60.60528029800704,26208
59.405386961116584,27040
57.688820407423826,28288
56.60388679233962,29120
55.569775957799216,29952
55.072679252057455,30368
53.665631459994955,31616
53.225933528685054,32032
52.80151512977634,64000
51.264022471905186,34112
50.92150822589606,34528
50.59644256269407,34944
50.28916384272063,35360
49.72926703662542,36192
49.47726750741192,36608
49.24428900898052,106880
49.03060268852505,37440
48.83646178829912,72160
48.662100242385755,38272
48.507731342539614,76000
48.373546489791295,74368
48.25971404805462,74560
48.16637831516918,74752
48.093658625644196,40352
48.041648597857254,40768
48.010415536631214,76320
48,20800
66.46803743153546,11236
63.702433234531945,24168
59.81638571495272,26712
55.758407437802596,29680
54.20332093147061,61504
52.32590180780452,48524
51.894122981316485,33072
51.07837115648854,33920
50.32891812864648,68000
49.9799959983992,35192
49.33558553417604,36040
48.76474136094644,72000
48.27007354458868,72512
48.05205510693585,38160
47.853944456021594,74608
47.67598976424087,39008
47.51841748206689,39432
47.38143096192854,75232
47.265209192385896,40280
47.16990566028302,113888
47.095647357266465,41128
47.042533945356304,41552
47.01063709417264,151040
47,21200
65.05382386916237,11664
63.655321851358195,24192
61.61980201201558,25488
60.959002616512684,25920
60.30754513325841,26352
58.412327466040935,27648
57.201398584300364,28512
54.378304497290095,30672
52.839379254491625,31968
52.354560450833695,32400
51.884487084291386,32832
51.42956348249516,33264
50.566787519082126,34128
49.76946855251722,34992
49.39635614091387,69760
48.703182647543684,36288
48.38388161361178,36720
48.08326112068523,54576
47.80167361086848,72800
47.53945729601885,74752
47.29693436154187,38448
47.07440918375928,38880
46.87216658103186,75424
46.69047011971501,75648
46.52956049652737,76992
46.389654018972806,40608
46.2709412050371,41040
46.17358552246078,80000
46.09772228646444,155488
46.04345773288535,79040
46.010868281309364,79200
46,21600
61.554853586049575,25520
59.54829972383762,26840
58.89821729050889,27280
58.25804665451803,27720
57.62811813689564,28160
56.4003546088143,29040
55.80322571321482,29480
55.21775076911409,29920
54.644304369257,30360
53.53503525729669,31240
52.478567053607705,32120
50.53711507397311,33880
49.658836071740545,34760
48.84669896727925,35640
48.46648326421054,36080
48.104053883222775,71360
47.75981574503821,36960
47.43416490252569,73024
47.12748667179272,37840
46.84015371452148,38280
46.57252408878007,38720
46.32493928760188,75760
45.89117562233506,40040
45.70557952810576,40480
45.5411901469428,79680
45.39823785126467,41360
45.27692569068709,116360
45.17742799230607,80160
45.09988913511872,42680
45.044422518220834,43120
45.0111097397076,43560
45,59376
62.22539674441618,12544
60.14149981501958,26432
58.7962583843564,27328
56.85068161420758,28672
55.60575509783138,29568
53.823786563191554,30912
53.25410782277739,31360
52.69724850502159,31808
51.10772935672255,33152
50.60632371551998,66720
50.11985634456667,34048
49.193495504995376,34944
48.75448697299562,35392
48.33218389437829,35840
47.92702786528704,36288
46.8187996428785,37632
46.486557196677836,38080
45.880278987817846,77280
45.60701700396552,76288
45.35416188179427,39872
45.12205669071391,40320
44.91102314577124,40768
44.721359549995796,79616
44.553338819890925,79200
44.40720662234904,80000
44.28317965096906,81440
44.181444068749045,43008
44.10215414239989,81760
44.04543109109048,81920
44.01136216933077,84000
44,22400
60.81118318204309,12996
60.108235708594876,26448
58.728187440104094,27360
56.72741841473134,28728
52.43090691567332,31920
51.31276644267,32832
50.774009099144415,33288
49.73932046178355,34200
48.30113870293329,35568
47.4236228055175,71840
46.61544808322666,73600
46.238512086787566,37848
45.221676218380054,76512
44.9221548904324,39672
44.64302857109943,40128
44.384682042344295,79760
44.14748010928823,41040
43.93176527297759,79552
43.73785545725808,41952
43.56604182158393,81216
43.41658669218482,161888
43.289721643826724,43320
43.18564576337837,82400
43.104524124504614,44232
43.04648650006177,84000
43.01162633521314,125208
43,22800
59.39696961966999,13456
56.639209034025185,28768
54.67174773134658,30160
53.41348144429457,31088
51.61395160225576,32480
50.47771785649585,33408
49.92995093127971,33872
48.877397639399746,34800
47.885279575251516,35728
47.41307836451879,36192
46.95742752749558,36656
46.51881339845203,37120
45.69463863518345,38048
45.31004303683677,38512
44.94441010848846,76672
44.598206241955516,76960
44.27188724235731,39904
43.965895873961216,40368
43.68065933568311,40832
43.174066289845804,41760
42.95346318982906,82240
42.7551166528639,42688
42.579337712087536,43152
42.42640687119285,63216
42.2965719651132,44080
42.190046219457976,84480
42.1070065428546,45008
42.04759208325728,86144
42.01190307520001,85600
42,23200
56.586217403180434,28792
53.907327887774215,30680
53.2634959423431,31152
51.40038910358559,32568
48.54894437575342,34928
48.02082881417188,35400
47.50789408087881,71200
46.06517122512408,37288
45.617978911828175,37760
45.18849411078001,38232
44.77722635447622,76768
43.657759905886145,40120
43.32435804486894,40592
42.720018726587654,121760
42.44997055358225,81200
42.20189569201838,82080
41.97618372363071,42952
41.773197148410844,83168
41.593268686170845,84720
41.43669871020132,86336
41.30375285612676,44840
41.19465984809196,45312
41.10960958218893,128536
41.048751503547585,86912
41.012193308819754,66892
41,67280
55.86591089385369,29280
55.17245689653489,29760
54.48853090330111,30240
53.81449618829484,30720
51.85556864985669,32160
51.22499389946279,32640
49.4064773081425,34080
48.82622246293481,34560
47.70744176750625,35520
46.647615158762406,36480
46.14108798023731,36960
45.65084884205331,37440
43.86342439892262,77440
43.46262762420146,39840
43.08131845707603,40320
42.37924020083418,41280
42.05948168962618,82080
41.7612260356422,42240
41.48493702538308,42720
41.23105625617661,125120
40.792156108742276,44160
40.607881008493905,85440
40.44749683231337,45120
40.311288741492746,170432
40.19950248448356,46080
40.11234224026316,46560
40.049968789001575,47040
40.01249804748511,47520
40,65344
53.075418038862395,31232
52.40229002629561,31720
51.73973328110612,32208
49.20365840057018,34160
48.60041152089147,34648
45.79301256742124,37088
44.294469180700204,38552
43.829214001622255,77440
43.382023926967726,39528
42.5440947723653,80320
42.15447781671598,40992
41.78516483155236,41480
40.80441152620633,83680
40.52159917870962,43432
40.26164427839479,43920
40.024992192379,44408
39.81205847478876,87392
39.6232255123179,86848
39.45883931389772,45872
39.319206502675,46360
39.20459156782532,88800
39.11521443121589,89680
39.05124837953327,134960
39.01281840626232,48312
39,67920
53.74011537017761,15376
49.678969393496885,33728
48.41487374764082,34720
47.20169488482379,35712
45.48626166217664,37200
44.41846462902562,38192
43.9089968002003,38688
42.941821107167776,39680
42.485291572496,40176
41.6293165929973,41168
40.85339643163099,42160
40.496913462633174,83840
40.162171256046406,43152
39.84971769034255,43648
39.56008088970496,87488
39.293765408777,44640
38.8329756778952,88064
38.63935817272331,46128
38.47076812334269,89920
38.3275357934736,92480
38.2099463490856,90240
38.118237105091836,48112
38.05259518088089,48608
38.01315561749642,135984
38,24800
50.93132631298737,32760
49.57822102496216,33768
48.91829923454004,34272
47.634021455258214,35280
46.400431032480725,36288
45.803929962395145,36792
44.654227123532216,37800
41.14608122288197,41328
40.718546143004666,41832
39.92492955535426,42840
39.21734310225516,43848
38.897300677553446,86400
38.600518131237564,87360
38.07886552931954,133480
37.8549864614954,46368
37.656340767525464,46872
37.48332962798263,90592
37.33630940518894,93120
37.21558813185679,92448
37.12142238654117,93376
37.05401462729781,49392
37.013511046643494,93632
37,70960
50.91168824543142,16384
50.20956084253277,33280
49.51767361255979,33792
46.861498055439924,35840
46.22769732530488,36352
43.266615305567875,38912
41.677331968349414,40448
41.182520563948,40960
40.70626487409524,41472
40.24922359499622,41984
39.395431207184416,43008
38.62641583165593,44032
38.27531841800928,87520
37.94733192202055,45056
37.64306044943742,88736
37.36308338453881,46080
37.107950630558946,46592
36.87817782917155,90880
36.6742416417845,92640
36.49657518178932,48128
36.345563690772494,48640
36.22154055254967,49152
36.124783736376884,94048
36.05551275463989,141440
36.013886210738214,50688
36,25600
48.79549159502341,34320
46.75467891024384,35880
45.45327270945405,36920
44.82186966202994,37440
44.204072210600685,37960
43.60045871318328,38480
42.43819034784589,39520
41.88078318274385,40040
41.340053217188775,40560
40.8166632639171,41080
39.824615503479755,83520
39.35733730830886,42640
38.91015291668744,43160
38.48376280978771,43680
37.69615364994153,44720
36.68787265568828,46280
36.40054944640259,137040
36.138621999185304,47320
35.90264614203248,47840
35.6931365951495,48360
35.510561809129406,94240
35.35533905932738,117716
35.22782990761707,95360
35.12833614050059,50440
35.05709628591621,50960
35.014282800023196,51480
35,71504
45.34313619501854,36960
44.68780594300866,37488
42.80186911806539,39072
41.617304093369626,40128
39.96248240537617,41712
39.44616584663204,42240
38.948684188300895,84800
37.57658845611187,44352
37.16180835212409,44880
36.76955262170047,67312
35.73513677041127,46992
35.4400902933387,47520
35.17101079013795,48048
34.92849839314596,95360
34.713109915419565,94688
34.52535300326414,49632
34.36568055487916,50160
34.23448553724738,50688
34.132096331752024,97792
34.058772731852805,97920
34.0147027033899,99744
34,73440
46.66904755831214,17956
45.967379738244816,36448
43.278170016764804,38592
42.638011210655684,39128
41.400483088968905,40200
40.22437072223753,41272
39.66106403010388,41808
38.58756276314948,42880
37.589892258425,43952
36.24913792078372,45560
35.84689665786984,91360
35.4682957019364,91600
35.11409973215888,47168
34.785054261852174,47704
34.48187929913333,94720
34.20526275297414,94912
33.95585369269929,49312
33.734255586866,49848
33.54101966249684,97984
33.37663853655727,50920
33.24154027718932,196352
33.13608305156178,51992
33.06055050963308,52528
33.015148038438355,100368
33,26800
45.254833995939045,18496
42.5205832509386,39168
41.86884283091664,39712
39.408120990476064,41888
37.73592452822641,43520
36.71511950137164,44608
36.235341863986875,89504
35.77708763999664,45696
35.34119409414458,46240
34.539832078341085,47328
34.17601498127012,47872
33.83784863137726,95072
33.52610922848042,48960
32.984845004941285,50048
32.7566787083184,98400
32.55764119219941,98560
32.38826948140329,51680
32.2490309931942,100608
32.14031735997639,52768
32.0624390837628,53312
32.01562118716424,152640
32,27200
43.840620433565945,19044
43.139309220245984,38640
40.45985664828782,40848
37.44329045369811,43608
36.89173349139343,44160
36.359317925395686,44712
34.88552708502482,46368
34.438350715445125,46920
33.61547262794322,95168
32.89376840679705,49128
32.57299494980466,49680
32.28002478313795,50232
31.78049716414141,100752
31.575306807693888,51888
31.400636936215164,101040
31.25699921617557,52992
31.144823004794873,102208
31.064449134018133,103232
31.016124838541646,105200
31,27600
41.72529209005013,39760
41.036569057366385,40320
40.36087214122113,40880
39.698866482558415,41440
38.41874542459709,42560
37.8021163428716,43120
37.20215047547655,43680
36.61966684720111,44240
34.9857113690718,45920
33.1058907144937,48160
32.69556544854363,48720
32.31098884280702,49280
31.953090617340916,49840
31.622776601683793,98944
31.32091952673165,50960
31.04834939252005,51520
30.805843601498726,101280
30.59411708155671,52640
30.4138126514911,152720
30.265491900843113,53760
30.14962686336267,54320
30.066592756745816,54880
30.01666203960727,105760
30,77856
38.28837943815329,42600
35.805027579936315,44872
34.66987164671943,46008
33.12099032335839,47712
32.64965543462902,95680
32.202484376209235,96800
31.38470965295043,99040
30.675723300355934,51120
30.364452901377952,51688
30.083217912982647,103520
29.832867780352597,102720
29.614185789921695,53392
29.427877939124322,53960
29.274562336608895,54528
29.154759474226502,158072
29.068883707497267,157712
29.017236257093817,56232
29,78960
39.59797974644666,20736
37.53664875824692,43200
35.608987629529715,44928
34.40930106817051,46080
33.28663395418648,47232
31.76476034853718,48960
31.304951684997057,49536
30.870698080866262,50112
30.463092423455635,50688
29.732137494637012,101760
29.410882339705484,102880
29.120439557122072,52992
28.861739379323623,53568
28.635642126552707,106240
28.442925306655784,54720
28.284271247461902,80896
28.160255680657446,109600
28.071337695236398,56448
28.0178514522438,108768
28,28800
38.18376618407357,21316
36.796738985948195,43800
34.828149534535996,45552
33.60059523282288,46720
32.449961479175904,47888
31.906112267087632,48472
30.886890422961002,49640
29.966648127543394,50808
29.546573405388315,51392
28.792360097775937,52560
28.460498941515414,53144
27.892651361962706,54312
27.65863337187866,106720
27.459060435491963,107840
27.294688127912362,108960
27.16615541441225,56648
27.073972741361768,57232
27.018512172212592,110272
27,29200
36.069377593742864,44400
35.38361202590826,44992
33.421549934136806,46768
32.802438933713454,47360
30.528675044947494,49728
29.5296461204668,50912
28.231188426986208,52688
27.85677655436824,53280
27.51363298439521,53872
27.202941017470888,106880
26.92582403567252,162032
26.68332812825267,55648
26.476404589747453,56240
26.30589287593181,56832
26.1725046566048,110560
26.076809620810597,111680
26.019223662515376,58608
26,84320
34.655446902326915,45600
33.97057550292606,46200
33.301651610693426,46800
30.23243291566195,49800
29.68164415931166,50400
28.653097563788805,51600
28.178005607210743,52200
27.730849247724095,52800
27.313000567495326,53400
26.570660511172846,54600
26.248809496813376,108320
25.96150997149434,55800
25.709920264364882,56400
25.495097567963924,165608
25.317977802344327,57600
25.179356624028344,58200
25.079872407968907,114240
25.019992006393608,59400
25,140944
33.94112549695428,23104
31.89043743820395,48032
31.240998703626616,48640
30.610455730027933,49248
28.844410203711913,51072
28.30194339616981,51680
27.784887978899608,52288
26.832815729997478,53504
26.40075756488817,107200
25.632011235952593,55328
25.298221281347036,55936
24.73863375370596,57152
24.515301344262525,57760
24.331050121192877,58368
24.186773244895647,114592
24.08318915758459,114688
24.020824298928627,60192
24,30400
32.526911934581186,23716
31.827660925679098,48048
30.479501308256342,49280
29.206163733020468,50512
28.600699292150182,51128
26.419689627245813,53592
25.942243542145693,54208
24.698178070456937,111040
24.351591323771842,56672
24.041630560342615,84844
23.769728648009426,114688
23.53720459187964,58520
23.345235059857504,114912
23.194827009486403,59752
23.08679276123039,118400
23.021728866442675,117360
23,30800
31.11269837220809,24336
28.42534080710379,51168
27.80287754891569,51792
26.627053911388696,53040
25.553864678361276,54288
25.059928172283335,54912
24.596747752497688,55536
24.166091947189145,56160
23.40939982143925,57408
22.80350850198276,115072
22.561028345356956,59280
22.360679774997898,117504
22.20360331117452,117600
22.090722034374522,61152
22.02271554554524,118880
22,31200
29.698484809834994,24964
28.319604517012593,51192
25.80697580112788,53720
25.238858928247925,54352
23.706539182259394,56248
23.259406699226016,56880
22.847319317591726,57512
22.47220505424423,115168
22.135943621178654,58776
21.840329667841555,59408
21.587033144922902,60040
21.37755832643195,60672
21.213203435596427,90204
21.095023109728988,120320
21.02379604162864,121536
21,31600
27.586228448267445,51840
26.90724809414742,52480
25.612496949731394,53760
24.413111231467404,55040
23.853720883753127,55680
23.323807579381203,56320
22.825424421026653,56960
21.93171219946131,115360
21.540659228538015,58880
21.18962010041709,59520
20.8806130178211,60160
20.615528128088304,178880
20.396078054371138,61440
20.223748416156685,62080
20.09975124224178,62720
20.024984394500787,63360
20,91136
26.870057685088806,26244
24.839484696748443,54432
24.20743687382041,55080
23.600847442411894,55728
21.95449840010015,57672
21.470910553583888,58320
20.248456731316587,119360
19.924858845171276,60912
19.6468827043885,61560
19.4164878389476,122016
19.235384061671343,123280
19.1049731745428,123360
19.026297590440446,64152
19,32400
25.45584412271571,26896
24.758836806279895,54448
23.430749027719962,55760
21.633307652783937,57728
20.591260281974,59040
20.12461179749811,59696
19.697715603592208,60352
19.313207915827967,61008
18.973665961010276,61664
18.681541692269406,62320
18.439088914585774,123520
18.24828759089466,63632
18.110770276274835,64288
18.027756377319946,188560
18,32800
22.67156809750927,56440
21.400934559032695,57768
20.808652046684813,58432
19.72308292331602,59760
18.788294228055936,61088
18.384776310850235,92028
17.72004514666935,63080
17.46424919657298,126240
17.26267650163207,64408
17.11724276862369,65072
17.029386365926403,127680
17,95760
22.627416997969522,28224
21.2602916254693,57792
18.867962264113206,60480
18.35755975068582,61152
17.88854381999832,61824
17.08800749063506,63168
16.76305461424021,63840
16.492422502470642,64512
16.278820596099706,127840
16.1245154965971,129152
16.0312195418814,66528
16,33600
20.518284528683193,58480
19.849433241279208,59160
19.209372712298546,59840
18.601075237738275,60520
17.4928556845359,61880
16.55294535724685,63240
16.15549442140351,63920
15.811388300841896,127936
15.524174696260024,65280
15.297058540778355,65960
15.132745950421556,66640
15.033296378372908,67320
15,98064
19.79898987322333,29584
17.804493814764857,61232
17.204650534085253,61920
16.64331697709324,62608
15.652475842498529,63984
15.231546211727817,64672
14.866068747318506,129440
14.560219778561036,66048
14.317821063276353,132160
14.142135623730951,99824
14.035668847618199,68112
14,34400
17.69180601295413,61248
16.401219466856727,62640
15.264337522473747,64032
14.7648230602334,64728
13.92838827718412,66120
13.601470508735444,132320
13.341664064126334,67512
13.152946437965905,68208
13.038404810405298,135120
13,101680
16.97056274847714,30976
15.620499351813308,63360
14.422205101855956,64768
13.892443989449804,65472
13.416407864998739,66176
12.649110640673518,67584
12.36931687685298,68288
12.165525060596439,68992
12.041594578792296,136672
12,35200
15.556349186104045,31684
14.212670403551895,64792
12.529964086141668,66928
12.083045973594572,67640
11.704699910719626,68352
11.40175425099138,136768
11.180339887498949,138176
11.045361017187261,70488
11,35600
13.45362404707371,65520
12.806248474865697,66240
12.206555615733702,66960
11.661903789690601,67680
10.770329614269007,69120
10.44030650891055,69840
10.198039027185569,70560
10.04987562112089,71280
10,105184
12.727922061357855,33124
10.816653826391969,68432
10.295630140987,69160
9.848857801796104,69888
9.486832980505138,70616
9.219544457292887,141280
9.055385138137417,72072
9,36400
11.313708498984761,33856
10.63014581273465,68448
9.433981132056603,69920
8.94427190999916,70656
8.54400374531753,71392
8.246211251235321,72128
8.06225774829855,144288
8,36800
9.899494936611665,34596
8.602325267042627,70680
7.615773105863909,72168
7.280109889280518,72912
7.0710678118654755,109756
7,37200
8.48528137423857,35344
7.810249675906654,71440
7.211102550927978,72192
6.708203932499369,72944
6.324555320336759,73696
6.082762530298219,74448
6,37600
6.4031242374328485,72960
5.830951894845301,73720
5.385164807134504,74480
5.0990195135927845,75240
5,112496
5.656854249492381,36864
4.47213595499958,75264
4.123105625617661,76032
4,38400
4.242640687119285,37636
3.605551275463989,76048
3.1622776601683795,76824
3,38800
2.8284271247461903,38416
2.23606797749979,77616
2,39200
1.4142135623730951,39204
1,39600
